id	enum_id	enum_item_value	enum_item_text
19719	741	_999	-99
19720	741	single	SINGLE
19721	741	dual	DUAL
19722	741	other	OTHER
19723	742	_999	-99
19724	742	1215_stl	1215 STL
19725	742	2024_t6_al	2024-T6 AL
19726	742	6061_t6_al	6061-T6 AL
19727	742	8620_stl	8620 STL
19728	742	a356_al	A356 AL
19729	742	a380_al	A380 AL
19730	742	a383_al	A383 AL
19731	742	aluminum	ALUMINUM
19732	742	cast_iron	CAST IRON
19733	742	ductile_iron	DUCTILE IRON
19734	742	various	VARIOUS
19735	742	other	OTHER
19736	743	_999	-99
19737	743	1010_1018	1010-1018
19738	743	1016_1020	1016-1020
19739	743	1018_1020	1018-1020
19740	743	a620_cr_stl	A620 Cr STL
19741	743	al	AL
19742	743	astm_a_1008_03_cs_type_a	ASTM-A-1008-03-CS-TYPE A
19743	743	steel	STEEL
19744	743	other	OTHER
19745	744	te	T/E
19746	744	bh	BH
19747	744	ce	C/E
19748	745	_999	-99
19749	745	1005	1005
19750	745	1215	1215
19751	745	1074_sprg_stl	1074 SPRG STL
19752	745	sst	SST
19753	745	steel	STEEL
19754	745	other	OTHER
19755	746	_999	-99
19756	746	25mm	2.5mm
19757	746	3mm	3mm
19758	746	4mm	4mm
19759	746	5mm	5mm
19760	746	t10	T10
19761	746	t15	T15
19762	746	t20	T20
19763	746	t25	T25
19764	746	t27	T27
19765	747	_999	-99
19766	747	phillips	PHILLIPS
19767	747	slotted	SLOTTED
19768	747	torx	TORX
19769	747	int_hex	INT HEX
19770	747	other	OTHER
19771	748	_999	-99
19772	748	dynamic	DYNAMIC
19773	748	carbon_seal	CARBON SEAL
19774	748	other	OTHER
19775	749	_999	-99
19776	749	301_ss	301 SS
19777	749	303_ss	303 SS
19778	749	304_ss	304 SS
19779	749	beaded_304_stainless_steel	BEADED 304 STAINLESS STEEL
19780	749	c_4401	C-4401
19781	749	composite	COMPOSITE
19782	749	fiber	FIBER
19783	749	ni_2085	NI-2085
19784	749	red_rigid_fiber	RED RIGID FIBER
19785	749	rubberized_fiber	RUBBERIZED FIBER
19786	749	steel	STEEL
19787	749	teflon	TEFLON
19788	749	tn_9004	TN-9004
19789	749	ts_9003_as2	TS 9003 AS2
19790	749	ts_9013	TS 9013
19791	749	veg_fiber	VEG FIBER
19792	749	other	OTHER
19793	750	_999	-99
19794	750	single	SINGLE
19795	750	split	SPLIT
19796	750	other	OTHER
19797	751	_999	-99
19798	751	oil_drain	OIL DRAIN
19799	751	oil_inlet	OIL INLET
19800	751	compressor_outlet	COMPRESSOR OUTLET
19801	751	turbine_inlet	TURBINE INLET
19802	751	turbine_outlet	TURBINE OUTLET
19803	751	exhaust_manifold	EXHAUST MANIFOLD
19804	751	other	OTHER
19805	752	_999	-99
19806	752	grade_2	GRADE 2
19807	752	grade_5	GRADE 5
19808	752	grade_8	GRADE 8
19809	752	pc48	P.C.4.8
19810	752	pc88	P.C.8.8
19811	752	pc109	P.C.10.9
19812	752	pc129	P.C.12.9
19813	752	a286_ss	A286 SS
19814	752	304_ss	304 SS
19815	752	316_ss	316 SS
19816	752	18_8_ss	18-8 SS
19817	752	other	OTHER
19818	753	_999	-99
19819	753	hex	HEX
19820	753	hex_flange	HEX FLANGE
19821	753	countersunk	COUNTERSUNK
19822	753	fillister	FILLISTER
19823	753	round	ROUND
19824	753	button	BUTTON
19825	753	cheese	CHEESE
19826	753	pan	PAN
19827	753	setscrew	SETSCREW
19828	753	other	OTHER
19829	754	_999	-99
19830	754	304_ss	304 SS
19831	754	309_ss	309 SS
19832	754	310_ss	310 SS
19833	754	ductile_iron_65_45_12	DUCTILE IRON 65-45-12
19834	754	in718_solution_annealed_precipitation_hardened_hrc_30_40	IN718 SOLUTION ANNEALED / PRECIPITATION HARDENED, HRC 30-40
19835	754	other	OTHER
19836	755	_999	-99
19837	755	grooved	GROOVED
19838	755	helix	HELIX
19839	755	smooth	SMOOTH
19840	755	other	OTHER
19841	756	_999	-99
19842	756	grooved	GROOVED
19843	756	holes	HOLES
19844	756	ramps	RAMPS
19845	756	smooth	SMOOTH
19846	756	other	OTHER
19847	757	_999	-99
19848	757	free	FREE
19849	757	pinned	PINNED
19850	757	other	OTHER
19851	758	_999	-99
19852	758	c932	C932
19853	758	6061_t6_al	6061-T6 AL
19854	758	other	OTHER
19855	759	_999	-99
19856	759	stdstd	STD/STD
19857	759	std_5	STD/-5
19858	759	std_10	STD/-10
19859	759	std_15	STD/-15
19860	759	std_20	STD/-20
19861	759	5std	+5/STD
19862	759	5_5	+5/-5
19863	759	5_10	+5/-10
19864	759	5_15	+5/-15
19865	759	5_20	+5/-20
19866	759	10std	+10/STD
19867	759	10_5	+10/-5
19868	759	10_10	+10/-10
19869	759	10_15	+10/-15
19870	759	10_20	+10/-20
19871	759	15std	+15/STD
19872	759	15_5	+15/-5
19873	759	15_10	+15/-10
19874	759	15_15	+15/-15
19875	759	15_20	+15/-20
19876	759	20std	+20/STD
19877	759	20_5	+20/-5
19878	759	20_10	+20/-10
19879	759	20_15	+20/-15
19880	759	20_20	+20/-20
19881	759	other	OTHER
19882	760	_999	-99
19883	760	hex	HEX
19884	760	round	ROUND
19885	760	other	OTHER
19886	761	_999	-99
19887	761	floating	FLOATING
19888	761	pressed	PRESSED
19889	761	other	OTHER
19890	762	_999	-99
19891	762	slender	SLENDER
19892	762	straight	STRAIGHT
19893	762	other	OTHER
19894	763	_999	-99
19895	763	6_pt	6 PT
19896	763	12_pt	12 PT
19897	763	other	OTHER
19898	764	_999	-99
19899	764	binx	BINX
19900	764	deformed_thread	DEFORMED THREAD
19901	764	flex_lock	FLEX LOCK
19902	764	k_lock	K-LOCK
19903	764	nyloc	NYLOC
19904	764	steel_insert	STEEL INSERT
19905	764	tri_lobed	TRI-LOBED
19906	764	other	OTHER
19907	765	_999	-99
19908	765	acorn	ACORN
19909	765	castle	CASTLE
19910	765	hex	HEX
19911	765	hex_flange	HEX FLANGE
19912	765	jam	JAM
19913	765	weld	WELD
19914	765	wing	WING
19915	765	other	OTHER
19916	766	_999	-99
19917	766	_001	-001
19918	766	_002	-002
19919	766	_003	-003
19920	766	_004	-004
19921	766	_005	-005
19922	766	_006	-006
19923	766	_007	-007
19924	766	_008	-008
19925	766	_009	-009
19926	766	_010	-010
19927	766	_011	-011
19928	766	_012	-012
19929	766	_013	-013
19930	766	_014	-014
19931	766	_015	-015
19932	766	_016	-016
19933	766	_017	-017
19934	766	_018	-018
19935	766	_019	-019
19936	766	_020	-020
19937	766	_021	-021
19938	766	_022	-022
19939	766	_023	-023
19940	766	_024	-024
19941	766	_025	-025
19942	766	_026	-026
19943	766	_027	-027
19944	766	_028	-028
19945	766	_029	-029
19946	766	_030	-030
19947	766	_031	-031
19948	766	_032	-032
19949	766	_033	-033
19950	766	_034	-034
19951	766	_035	-035
19952	766	_036	-036
19953	766	_037	-037
19954	766	_038	-038
19955	766	_039	-039
19956	766	_040	-040
19957	766	_041	-041
19958	766	_042	-042
19959	766	_043	-043
19960	766	_044	-044
19961	766	_045	-045
19962	766	_046	-046
19963	766	_047	-047
19964	766	_048	-048
19965	766	_049	-049
19966	766	_050	-050
19967	766	_102	-102
19968	766	_103	-103
19969	766	_104	-104
19970	766	_105	-105
19971	766	_106	-106
19972	766	_107	-107
19973	766	_108	-108
19974	766	_109	-109
19975	766	_110	-110
19976	766	_111	-111
19977	766	_112	-112
19978	766	_113	-113
19979	766	_114	-114
19980	766	_115	-115
19981	766	_116	-116
19982	766	_117	-117
19983	766	_118	-118
19984	766	_119	-119
19985	766	_120	-120
19986	766	_121	-121
19987	766	_122	-122
19988	766	_123	-123
19989	766	_124	-124
19990	766	_125	-125
19991	766	_126	-126
19992	766	_127	-127
19993	766	_128	-128
19994	766	_129	-129
19995	766	_130	-130
19996	766	_131	-131
19997	766	_132	-132
19998	766	_133	-133
19999	766	_134	-134
20000	766	_135	-135
20001	766	_136	-136
20002	766	_137	-137
20003	766	_138	-138
20004	766	_139	-139
20005	766	_140	-140
20006	766	_141	-141
20007	766	_142	-142
20008	766	_143	-143
20009	766	_144	-144
20010	766	_145	-145
20011	766	_146	-146
20012	766	_147	-147
20013	766	_148	-148
20014	766	_149	-149
20015	766	_150	-150
20016	766	_151	-151
20017	766	_152	-152
20018	766	_153	-153
20019	766	_154	-154
20020	766	_155	-155
20021	766	_156	-156
20022	766	_157	-157
20023	766	_158	-158
20024	766	_159	-159
20025	766	_160	-160
20026	766	_161	-161
20027	766	_162	-162
20028	766	_163	-163
20029	766	_164	-164
20030	766	_165	-165
20031	766	_166	-166
20032	766	_167	-167
20033	766	_168	-168
20034	766	_169	-169
20035	766	_170	-170
20036	766	_171	-171
20037	766	_172	-172
20038	766	_173	-173
20039	766	_174	-174
20040	766	_175	-175
20041	766	_176	-176
20042	766	_177	-177
20043	766	_178	-178
20044	766	_201	-201
20045	766	_202	-202
20046	766	_203	-203
20047	766	_204	-204
20048	766	_205	-205
20049	766	_206	-206
20050	766	_207	-207
20051	766	_208	-208
20052	766	_209	-209
20053	766	_210	-210
20054	766	_211	-211
20055	766	_212	-212
20056	766	_213	-213
20057	766	_214	-214
20058	766	_215	-215
20059	766	_216	-216
20060	766	_217	-217
20061	766	_218	-218
20062	766	_219	-219
20063	766	_220	-220
20064	766	_221	-221
20065	766	_222	-222
20066	766	_223	-223
20067	766	_224	-224
20068	766	_225	-225
20069	766	_226	-226
20070	766	_227	-227
20071	766	_228	-228
20072	766	_229	-229
20073	766	_230	-230
20074	766	_231	-231
20075	766	_232	-232
20076	766	_233	-233
20077	766	_234	-234
20078	766	_235	-235
20079	766	_236	-236
20080	766	_237	-237
20081	766	_238	-238
20082	766	_239	-239
20083	766	_240	-240
20084	766	_241	-241
20085	766	_242	-242
20086	766	_243	-243
20087	766	_244	-244
20088	766	_245	-245
20089	766	_246	-246
20090	766	_247	-247
20091	766	_248	-248
20092	766	_249	-249
20093	766	_250	-250
20094	766	_251	-251
20095	766	_252	-252
20096	766	_253	-253
20097	766	_254	-254
20098	766	_255	-255
20099	766	_256	-256
20100	766	_257	-257
20101	766	_258	-258
20102	766	_259	-259
20103	766	_260	-260
20104	766	_261	-261
20105	766	_262	-262
20106	766	_263	-263
20107	766	_264	-264
20108	766	_265	-265
20109	766	_266	-266
20110	766	_267	-267
20111	766	_268	-268
20112	766	_269	-269
20113	766	_270	-270
20114	766	_271	-271
20115	766	_272	-272
20116	766	_273	-273
20117	766	_274	-274
20118	766	_275	-275
20119	766	_276	-276
20120	766	_277	-277
20121	766	_278	-278
20122	766	_279	-279
20123	766	_280	-280
20124	766	_281	-281
20125	766	_282	-282
20126	766	_283	-283
20127	766	_284	-284
20128	766	_309	-309
20129	766	_310	-310
20130	766	_311	-311
20131	766	_312	-312
20132	766	_313	-313
20133	766	_314	-314
20134	766	_315	-315
20135	766	_316	-316
20136	766	_317	-317
20137	766	_318	-318
20138	766	_319	-319
20139	766	_320	-320
20140	766	_321	-321
20141	766	_322	-322
20142	766	_323	-323
20143	766	_324	-324
20144	766	_325	-325
20145	766	_326	-326
20146	766	_327	-327
20147	766	_328	-328
20148	766	_329	-329
20149	766	_330	-330
20150	766	_331	-331
20151	766	_332	-332
20152	766	_333	-333
20153	766	_334	-334
20154	766	_335	-335
20155	766	_336	-336
20156	766	_337	-337
20157	766	_338	-338
20158	766	_339	-339
20159	766	_340	-340
20160	766	_341	-341
20161	766	_342	-342
20162	766	_343	-343
20163	766	_344	-344
20164	766	_345	-345
20165	766	_346	-346
20166	766	_347	-347
20167	766	_348	-348
20168	766	_349	-349
20169	766	_350	-350
20170	766	_351	-351
20171	766	_352	-352
20172	766	_353	-353
20173	766	_354	-354
20174	766	_355	-355
20175	766	_356	-356
20176	766	_357	-357
20177	766	_358	-358
20178	766	_359	-359
20179	766	_360	-360
20180	766	_361	-361
20181	766	_362	-362
20182	766	_363	-363
20183	766	_364	-364
20184	766	_365	-365
20185	766	_366	-366
20186	766	_367	-367
20187	766	_368	-368
20188	766	_369	-369
20189	766	_370	-370
20190	766	_371	-371
20191	766	_372	-372
20192	766	_373	-373
20193	766	_374	-374
20194	766	_375	-375
20195	766	_376	-376
20196	766	_377	-377
20197	766	_378	-378
20198	766	_379	-379
20199	766	_380	-380
20200	766	_381	-381
20201	766	_382	-382
20202	766	_383	-383
20203	766	_384	-384
20204	766	_385	-385
20205	766	_386	-386
20206	766	_387	-387
20207	766	_388	-388
20208	766	_389	-389
20209	766	_390	-390
20210	766	_425	-425
20211	766	_426	-426
20212	766	_427	-427
20213	766	_428	-428
20214	766	_429	-429
20215	766	_430	-430
20216	766	_431	-431
20217	766	_432	-432
20218	766	_433	-433
20219	766	_434	-434
20220	766	_435	-435
20221	766	_436	-436
20222	766	_437	-437
20223	766	_438	-438
20224	766	_439	-439
20225	766	_440	-440
20226	766	_441	-441
20227	766	_442	-442
20228	766	_443	-443
20229	766	_444	-444
20230	766	_445	-445
20231	766	_446	-446
20232	766	_447	-447
20233	766	_448	-448
20234	766	_449	-449
20235	766	_450	-450
20236	766	_451	-451
20237	766	_452	-452
20238	766	_453	-453
20239	766	_454	-454
20240	766	_455	-455
20241	766	_456	-456
20242	766	_457	-457
20243	766	_458	-458
20244	766	_459	-459
20245	766	_460	-460
20246	766	_461	-461
20247	766	_462	-462
20248	766	_463	-463
20249	766	_464	-464
20250	766	_465	-465
20251	766	_466	-466
20252	766	_467	-467
20253	766	_901	-901
20254	766	_902	-902
20255	766	_903	-903
20256	766	_904	-904
20257	766	_905	-905
20258	766	_906	-906
20259	766	_907	-907
20260	766	_908	-908
20261	766	_909	-909
20262	766	_910	-910
20263	766	_911	-911
20264	766	_912	-912
20265	766	_913	-913
20266	766	_914	-914
20267	766	_915	-915
20268	766	_916	-916
20269	766	_917	-917
20270	766	_918	-918
20271	766	_919	-919
20272	766	_920	-920
20273	766	_921	-921
20274	766	_922	-922
20275	766	_923	-923
20276	766	_924	-924
20277	766	_925	-925
20278	766	_926	-926
20279	766	_927	-927
20280	766	_928	-928
20281	766	_929	-929
20282	766	_930	-930
20283	766	_931	-931
20284	766	_932	-932
20285	766	other	OTHER
20286	767	_999	-99
20287	767	buna_n	BUNA-N
20288	767	epdm	EPDM
20289	767	nitrile	NITRILE
20290	767	poly_p642_70	POLY P642-70
20291	767	silicone	SILICONE
20292	767	viton	VITON
20293	767	other	OTHER
20294	768	_999	-99
20295	768	round	ROUND
20296	768	square	SQUARE
20297	768	other	OTHER
20298	769	_999	-99
20299	769	actuator_arm	ACTUATOR ARM
20300	769	actuator_rod	ACTUATOR ROD
20301	769	brg_hsg_te	BRG HSG T/E
20302	769	jnl_brg	JNL BRG
20303	769	thrust_brg	THRUST BRG
20304	769	other	OTHER
20305	770	_999	-99
20306	770	1010	1010
20307	770	1020	1020
20308	770	1215	1215
20309	770	4140	4140
20310	770	other	OTHER
20311	771	_999	-99
20312	771	cadmium	CADMIUM
20313	771	black_nitride	BLACK NITRIDE
20314	771	black_oxide	BLACK OXIDE
20315	771	black_phosphate	BLACK PHOSPHATE
20316	771	black_powder_coat	BLACK POWDER COAT
20317	771	black_zinc_phosphate_wax	BLACK ZINC PHOSPHATE & WAX
20318	771	blue_clear_class_2fezn12	BLUE-CLEAR CLASS 2FE/ZN12
20319	771	blue_clear_class_2fezn25	BLUE-CLEAR CLASS 2FE/ZN25
20320	771	gray_zinc	GRAY ZINC
20321	771	gray_zinc_phosphate_oil	GRAY ZINC PHOSPHATE & OIL
20322	771	yellow_zinc	YELLOW ZINC
20323	771	yellow_zinc_class_1fezn25	YELLOW ZINC CLASS 1FE/ZN25
20324	771	yellow_zinc_dichromate	YELLOW ZINC DICHROMATE
20325	771	zinc	ZINC
20326	771	other	OTHER
20327	772	_999	-99
20328	772	m2	M2
20329	772	s45	S45
20330	772	other	OTHER
20331	773	_999	-99
20332	773	butt	BUTT
20333	773	step_gap	STEP GAP
20334	773	other	OTHER
20335	774	_999	-99
20336	774	std	STD
20337	774	rev	REV
20338	774	other	OTHER
20339	775	_999	-99
20340	775	carbon_spring_steel	CARBON SPRING STEEL
20341	775	sst	SST
20342	775	steel	STEEL
20343	775	1074_1075_stl	1074-1075 STL
20344	775	other	OTHER
20345	776	_999	-99
20346	776	constant	CONSTANT
20347	776	tapered	TAPERED
20348	776	other	OTHER
20349	777	_999	-99
20350	777	internal	INTERNAL
20351	777	external	EXTERNAL
20352	777	other	OTHER
20353	778	_999	-99
20354	778	axial	AXIAL
20355	778	radial	RADIAL
20356	778	other	OTHER
20357	779	_999	-99
20358	779	circlip	CIRCLIP
20359	779	e_type	"E"-TYPE
20360	779	internal_	INTERNAL 
20361	779	internal_inverted	INTERNAL INVERTED
20362	779	poodle	POODLE
20363	779	push_in	PUSH-IN
20364	779	special	SPECIAL
20365	779	spiral	SPIRAL
20366	779	other	OTHER
20367	780	_999	-99
20368	780	superback	SUPERBACK
20369	780	flatback	FLATBACK
20370	780	flatback_with_extended_hub	FLATBACK WITH EXTENDED HUB
20371	780	flatback_with_recessed_hub	FLATBACK WITH RECESSED HUB
20372	780	special	SPECIAL
20373	780	other	OTHER
20374	781	_999	-99
20375	781	full	FULL
20376	781	partial	PARTIAL
20377	781	other	OTHER
20378	782	_999	-99
20379	782	coil	COIL
20380	782	flat	FLAT
20381	782	wave	WAVE
20382	782	other	OTHER
20383	783	_999	-99
20384	783	alloy_260_12_hard_brass	ALLOY 260 1/2-HARD BRASS
20385	783	bronze_clad_steel	BRONZE CLAD STEEL
20386	783	c270	C270
20387	783	c280	C280
20388	783	c380	C380
20389	783	c857	C857
20390	783	c932	C932
20391	783	c937	C937
20392	783	6061_t6_al	6061-T6 AL
20393	783	sintered_iron	SINTERED IRON
20394	783	4140_stl	4140 STL
20395	783	steel	STEEL
20396	783	other	OTHER
20397	784	_999	-99
20398	784	4140_stl	4140 STL
20399	784	8620_stl	8620 STL
20400	784	other	OTHER
20401	785	_999	-99
20402	785	rh	RH
20403	785	lh	LH
20404	785	other	OTHER
20405	786	_999	-99
20406	786	1193_s_orange_microspheres	1193-S ORANGE MICROSPHERES
20407	786	1193_s_blue_microshpheres	1193-S BLUE MICROSHPHERES
20408	786	loctite_248	LOCTITE 248
20409	786	red_loctite	RED LOCTITE
20410	786	other	OTHER
20411	787	_999	-99
20412	787	0_80_unf_2a_ext	#0-80 UNF-2A (ext.)
20413	787	0_80_unf_2b_int	#0-80 UNF-2B (int.)
20414	787	0_80_unf_3a_ext	#0-80 UNF-3A (ext.)
20415	787	0_80_unf_3b_int	#0-80 UNF-3B (int.)
20416	787	10_24_unc_2a_ext	#10-24 UNC-2A (ext.)
20417	787	10_24_unc_2b_int	#10-24 UNC-2B (int.)
20418	787	10_24_unc_3a_ext	#10-24 UNC-3A (ext.)
20419	787	10_24_unc_3b_int	#10-24 UNC-3B (int.)
20420	787	10_28_uns_2a_ext	#10-28 UNS-2A (ext.)
20421	787	10_28_uns_2b_int	#10-28 UNS-2B (int.)
20422	787	10_32_unf_2a_ext	#10-32 UNF-2A (ext.)
20423	787	10_32_unf_2b_int	#10-32 UNF-2B (int.)
20424	787	10_32_unf_3a_ext	#10-32 UNF-3A (ext.)
20425	787	10_32_unf_3b_int	#10-32 UNF-3B (int.)
20426	787	10_36_uns_2a_ext	#10-36 UNS-2A (ext.)
20427	787	10_36_uns_2b_int	#10-36 UNS-2B (int.)
20428	787	10_40_uns_2a_ext	#10-40 UNS-2A (ext.)
20429	787	10_40_uns_2b_int	#10-40 UNS-2B (int.)
20430	787	10_48_uns_2a_ext	#10-48 UNS-2A (ext.)
20431	787	10_48_uns_2b_int	#10-48 UNS-2B (int.)
20432	787	10_56_uns_2a_ext	#10-56 UNS-2A (ext.)
20433	787	10_56_uns_2b_int	#10-56 UNS-2B (int.)
20434	787	12_24_unc_2a_ext	#12-24 UNC-2A (ext.)
20435	787	12_24_unc_2b_int	#12-24 UNC-2B (int.)
20436	787	12_24_unc_3a_ext	#12-24 UNC-3A (ext.)
20437	787	12_24_unc_3b_int	#12-24 UNC-3B (int.)
20438	787	12_28_unf_2a_ext	#12-28 UNF-2A (ext.)
20439	787	12_28_unf_2b_int	#12-28 UNF-2B (int.)
20440	787	12_28_unf_3a_ext	#12-28 UNF-3A (ext.)
20441	787	12_28_unf_3b_int	#12-28 UNF-3B (int.)
20442	787	12_32_unef_2a_ext	#12-32 UNEF-2A (ext.)
20443	787	12_32_unef_2b_int	#12-32 UNEF-2B (int.)
20444	787	12_32_unef_3a_ext	#12-32 UNEF-3A (ext.)
20445	787	12_32_unef_3b_int	#12-32 UNEF-3B (int.)
20446	787	12_36_uns_2a_ext	#12-36 UNS-2A (ext.)
20447	787	12_36_uns_2b_int	#12-36 UNS-2B (int.)
20448	787	12_40_uns_2a_ext	#12-40 UNS-2A (ext.)
20449	787	12_40_uns_2b_int	#12-40 UNS-2B (int.)
20450	787	12_48_uns_2a_ext	#12-48 UNS-2A (ext.)
20451	787	12_48_uns_2b_int	#12-48 UNS-2B (int.)
20452	787	12_56_uns_2a_ext	#12-56 UNS-2A (ext.)
20453	787	12_56_uns_2b_int	#12-56 UNS-2B (int.)
20454	787	1_64_unc_2a_ext	#1-64 UNC-2A (ext.)
20455	787	1_64_unc_2b_int	#1-64 UNC-2B (int.)
20456	787	1_64_unc_3a_ext	#1-64 UNC-3A (ext.)
20457	787	1_64_unc_3b_int	#1-64 UNC-3B (int.)
20458	787	1_72_unf_2a_ext	#1-72 UNF-2A (ext.)
20459	787	1_72_unf_2b_int	#1-72 UNF-2B (int.)
20460	787	1_72_unf_3a_ext	#1-72 UNF-3A (ext.)
20461	787	1_72_unf_3b_int	#1-72 UNF-3B (int.)
20462	787	2_56_unc_2a_ext	#2-56 UNC-2A (ext.)
20463	787	2_56_unc_2b_int	#2-56 UNC-2B (int.)
20464	787	2_56_unc_3a_ext	#2-56 UNC-3A (ext.)
20465	787	2_56_unc_3b_int	#2-56 UNC-3B (int.)
20466	787	2_64_unf_2a_ext	#2-64 UNF-2A (ext.)
20467	787	2_64_unf_2b_int	#2-64 UNF-2B (int.)
20468	787	2_64_unf_3a_ext	#2-64 UNF-3A (ext.)
20469	787	2_64_unf_3b_int	#2-64 UNF-3B (int.)
20470	787	3_48_unc_2a_ext	#3-48 UNC-2A (ext.)
20471	787	3_48_unc_2b_int	#3-48 UNC-2B (int.)
20472	787	3_48_unc_3a_ext	#3-48 UNC-3A (ext.)
20473	787	3_48_unc_3b_int	#3-48 UNC-3B (int.)
20474	787	3_56_unf_2a_ext	#3-56 UNF-2A (ext.)
20475	787	3_56_unf_2b_int	#3-56 UNF-2B (int.)
20476	787	3_56_unf_3a_ext	#3-56 UNF-3A (ext.)
20477	787	3_56_unf_3b_int	#3-56 UNF-3B (int.)
20478	787	4_40_unc_2a_ext	#4-40 UNC-2A (ext.)
20479	787	4_40_unc_2b_int	#4-40 UNC-2B (int.)
20480	787	4_40_unc_3a_ext	#4-40 UNC-3A (ext.)
20481	787	4_40_unc_3b_int	#4-40 UNC-3B (int.)
20482	787	4_48_unf_2a_ext	#4-48 UNF-2A (ext.)
20483	787	4_48_unf_2b_int	#4-48 UNF-2B (int.)
20484	787	4_48_unf_3a_ext	#4-48 UNF-3A (ext.)
20485	787	4_48_unf_3b_int	#4-48 UNF-3B (int.)
20486	787	5_40_unc_2a_ext	#5-40 UNC-2A (ext.)
20487	787	5_40_unc_2b_int	#5-40 UNC-2B (int.)
20488	787	5_40_unc_3a_ext	#5-40 UNC-3A (ext.)
20489	787	5_40_unc_3b_int	#5-40 UNC-3B (int.)
20490	787	5_44_unf_2a_ext	#5-44 UNF-2A (ext.)
20491	787	5_44_unf_2b_int	#5-44 UNF-2B (int.)
20492	787	5_44_unf_3a_ext	#5-44 UNF-3A (ext.)
20493	787	5_44_unf_3b_int	#5-44 UNF-3B (int.)
20494	787	6_32_unc_2a_ext	#6-32 UNC-2A (ext.)
20495	787	6_32_unc_2b_int	#6-32 UNC-2B (int.)
20496	787	6_32_unc_3a_ext	#6-32 UNC-3A (ext.)
20497	787	6_32_unc_3b_int	#6-32 UNC-3B (int.)
20498	787	6_40_unf_2a_ext	#6-40 UNF-2A (ext.)
20499	787	6_40_unf_2b_int	#6-40 UNF-2B (int.)
20500	787	6_40_unf_3a_ext	#6-40 UNF-3A (ext.)
20501	787	6_40_unf_3b_int	#6-40 UNF-3B (int.)
20502	787	8_32_unc_2a_ext	#8-32 UNC-2A (ext.)
20503	787	8_32_unc_2b_int	#8-32 UNC-2B (int.)
20504	787	8_32_unc_3a_ext	#8-32 UNC-3A (ext.)
20505	787	8_32_unc_3b_int	#8-32 UNC-3B (int.)
20506	787	8_36_unf_2a_ext	#8-36 UNF-2A (ext.)
20507	787	8_36_unf_2b_int	#8-36 UNF-2B (int.)
20508	787	8_36_unf_3a_ext	#8-36 UNF-3A (ext.)
20509	787	8_36_unf_3b_int	#8-36 UNF-3B (int.)
20510	787	14_20_unc_2a_ext	1/4-20 UNC-2A (ext.)
20511	787	14_20_unc_2b_int	1/4-20 UNC-2B (int.)
20512	787	14_20_unc_3a_ext	1/4-20 UNC-3A (ext.)
20513	787	14_20_unc_3b_int	1/4-20 UNC-3B (int.)
20514	787	14_24_uns_2a_ext	1/4-24 UNS-2A (ext.)
20515	787	14_24_uns_2b_int	1/4-24 UNS-2B (int.)
20516	787	14_27_uns_2a_ext	1/4-27 UNS-2A (ext.)
20517	787	14_27_uns_2b_int	1/4-27 UNS-2B (int.)
20518	787	14_28_unf_2a_ext	1/4-28 UNF-2A (ext.)
20519	787	14_28_unf_2b_int	1/4-28 UNF-2B (int.)
20520	787	14_28_unf_3a_ext	1/4-28 UNF-3A (ext.)
20521	787	14_28_unf_3b_int	1/4-28 UNF-3B (int.)
20522	787	14_32_unef_2a_ext	1/4-32 UNEF-2A (ext.)
20523	787	14_32_unef_2b_int	1/4-32 UNEF-2B (int.)
20524	787	14_32_unef_3a_ext	1/4-32 UNEF-3A (ext.)
20525	787	14_32_unef_3b_int	1/4-32 UNEF-3B (int.)
20526	787	14_36_uns_2a_ext	1/4-36 UNS-2A (ext.)
20527	787	14_36_uns_2b_int	1/4-36 UNS-2B (int.)
20528	787	14_48_uns_2a_ext	1/4-48 UNS-2A (ext.)
20529	787	14_48_uns_2b_int	1/4-48 UNS-2B (int.)
20530	787	14_56_uns_2a_ext	1/4-56 UNS-2A (ext.)
20531	787	14_56_uns_2b_int	1/4-56 UNS-2B (int.)
20532	787	516_18_unc_2a_ext	5/16-18 UNC-2A (ext.)
20533	787	516_18_unc_2b_int	5/16-18 UNC-2B (int.)
20534	787	516_18_unc_3a_ext	5/16-18 UNC-3A (ext.)
20535	787	516_18_unc_3b_int	5/16-18 UNC-3B (int.)
20536	787	516_20_un_2a_ext	5/16-20 UN-2A (ext.)
20537	787	516_20_un_2b_int	5/16-20 UN-2B (int.)
20538	787	516_20_un_3a_ext	5/16-20 UN-3A (ext.)
20539	787	516_20_un_3b_int	5/16-20 UN-3B (int.)
20540	787	516_24_unf_2a_ext	5/16-24 UNF-2A (ext.)
20541	787	516_24_unf_2b_int	5/16-24 UNF-2B (int.)
20542	787	516_24_unf_3a_ext	5/16-24 UNF-3A (ext.)
20543	787	516_24_unf_3b_int	5/16-24 UNF-3B (int.)
20544	787	516_27_uns_2a_ext	5/16-27 UNS-2A (ext.)
20545	787	516_27_uns_2b_int	5/16-27 UNS-2B (int.)
20546	787	516_28_un_2a_ext	5/16-28 UN-2A (ext.)
20547	787	516_28_un_2b_int	5/16-28 UN-2B (int.)
20548	787	516_28_un_3a_ext	5/16-28 UN-3A (ext.)
20549	787	516_28_un_3b_int	5/16-28 UN-3B (int.)
20550	787	516_32_unef_2a_ext	5/16-32 UNEF-2A (ext.)
20551	787	516_32_unef_2b_int	5/16-32 UNEF-2B (int.)
20552	787	516_32_unef_3a_ext	5/16-32 UNEF-3A (ext.)
20553	787	516_32_unef_3b_int	5/16-32 UNEF-3B (int.)
20554	787	516_36_uns_2a_ext	5/16-36 UNS-2A (ext.)
20555	787	516_36_uns_2b_int	5/16-36 UNS-2B (int.)
20556	787	516_40_uns_2a_ext	5/16-40 UNS-2A (ext.)
20557	787	516_40_uns_2b_int	5/16-40 UNS-2B (int.)
20558	787	516_48_uns_2a_ext	5/16-48 UNS-2A (ext.)
20559	787	516_48_uns_2b_int	5/16-48 UNS-2B (int.)
20560	787	38_16_unc_2a_ext	3/8-16 UNC-2A (ext.)
20561	787	38_16_unc_2b_int	3/8-16 UNC-2B (int.)
20562	787	38_16_unc_3a_ext	3/8-16 UNC-3A (ext.)
20563	787	38_16_unc_3b_int	3/8-16 UNC-3B (int.)
20564	787	38_18_uns_2a_ext	3/8-18 UNS-2A (ext.)
20565	787	38_18_uns_2b_int	3/8-18 UNS-2B (int.)
20566	787	38_20_un_2a_ext	3/8-20 UN-2A (ext.)
20567	787	38_20_un_2b_int	3/8-20 UN-2B (int.)
20568	787	38_20_un_3a_ext	3/8-20 UN-3A (ext.)
20569	787	38_20_un_3b_int	3/8-20 UN-3B (int.)
20570	787	38_24_unf_2a_ext	3/8-24 UNF-2A (ext.)
20571	787	38_24_unf_2b_int	3/8-24 UNF-2B (int.)
20572	787	38_24_unf_3a_ext	3/8-24 UNF-3A (ext.)
20573	787	38_24_unf_3b_int	3/8-24 UNF-3B (int.)
20574	787	38_27_uns_2a_ext	3/8-27 UNS-2A (ext.)
20575	787	38_27_uns_2b_int	3/8-27 UNS-2B (int.)
20576	787	38_28_un_2a_ext	3/8-28 UN-2A (ext.)
20577	787	38_28_un_2b_int	3/8-28 UN-2B (int.)
20578	787	38_28_un_3a_ext	3/8-28 UN-3A (ext.)
20579	787	38_28_un_3b_int	3/8-28 UN-3B (int.)
20580	787	38_32_unef_2a_ext	3/8-32 UNEF-2A (ext.)
20581	787	38_32_unef_2b_int	3/8-32 UNEF-2B (int.)
20582	787	38_32_unef_3a_ext	3/8-32 UNEF-3A (ext.)
20583	787	38_32_unef_3b_int	3/8-32 UNEF-3B (int.)
20584	787	38_36_uns_2a_ext	3/8-36 UNS-2A (ext.)
20585	787	38_36_uns_2b_int	3/8-36 UNS-2B (int.)
20586	787	38_40_uns_2a_ext	3/8-40 UNS-2A (ext.)
20587	787	38_40_uns_2b_int	3/8-40 UNS-2B (int.)
20588	787	716_14_unc_2a_ext	7/16-14 UNC-2A (ext.)
20589	787	716_14_unc_2b_int	7/16-14 UNC-2B (int.)
20590	787	716_14_unc_3a_ext	7/16-14 UNC-3A (ext.)
20591	787	716_14_unc_3b_int	7/16-14 UNC-3B (int.)
20592	787	716_16_un_2a_ext	7/16-16 UN-2A (ext.)
20593	787	716_16_un_2b_int	7/16-16 UN-2B (int.)
20594	787	716_16_un_3a_ext	7/16-16 UN-3A (ext.)
20595	787	716_16_un_3b_int	7/16-16 UN-3B (int.)
20596	787	716_18_uns_2a_ext	7/16-18 UNS-2A (ext.)
20597	787	716_18_uns_2b_int	7/16-18 UNS-2B (int.)
20598	787	716_20_unf_2a_ext	7/16-20 UNF-2A (ext.)
20599	787	716_20_unf_2b_int	7/16-20 UNF-2B (int.)
20600	787	716_20_unf_3a_ext	7/16-20 UNF-3A (ext.)
20601	787	716_20_unf_3b_int	7/16-20 UNF-3B (int.)
20602	787	716_24_uns_2a_ext	7/16-24 UNS-2A (ext.)
20603	787	716_24_uns_2b_int	7/16-24 UNS-2B (int.)
20604	787	716_27_uns_2a_ext	7/16-27 UNS-2A (ext.)
20605	787	716_27_uns_2b_int	7/16-27 UNS-2B (int.)
20606	787	716_28_unef_2a_ext	7/16-28 UNEF-2A (ext.)
20607	787	716_28_unef_2b_int	7/16-28 UNEF-2B (int.)
20608	787	716_28_unef_3a_ext	7/16-28 UNEF-3A (ext.)
20609	787	716_28_unef_3b_int	7/16-28 UNEF-3B (int.)
20610	787	716_32_un_2a_ext	7/16-32 UN-2A (ext.)
20611	787	716_32_un_2b_int	7/16-32 UN-2B (int.)
20612	787	716_32_un_3a_ext	7/16-32 UN-3A (ext.)
20613	787	716_32_un_3b_int	7/16-32 UN-3B (int.)
20614	787	12_12_uns_2a_ext	1/2-12 UNS-2A (ext.)
20615	787	12_12_uns_2b_int	1/2-12 UNS-2B (int.)
20616	787	12_13_unc_2a_ext	1/2-13 UNC-2A (ext.)
20617	787	12_13_unc_2b_int	1/2-13 UNC-2B (int.)
20618	787	12_13_unc_3a_ext	1/2-13 UNC-3A (ext.)
20619	787	12_13_unc_3b_int	1/2-13 UNC-3B (int.)
20620	787	12_14_uns_2a_ext	1/2-14 UNS-2A (ext.)
20621	787	12_14_uns_2b_int	1/2-14 UNS-2B (int.)
20622	787	12_16_un_2a_ext	1/2-16 UN-2A (ext.)
20623	787	12_16_un_2b_int	1/2-16 UN-2B (int.)
20624	787	12_16_un_3a_ext	1/2-16 UN-3A (ext.)
20625	787	12_16_un_3b_int	1/2-16 UN-3B (int.)
20626	787	12_18_uns_2a_ext	1/2-18 UNS-2A (ext.)
20627	787	12_18_uns_2b_int	1/2-18 UNS-2B (int.)
20628	787	12_20_unf_2a_ext	1/2-20 UNF-2A (ext.)
20629	787	12_20_unf_2b_int	1/2-20 UNF-2B (int.)
20630	787	12_20_unf_3a_ext	1/2-20 UNF-3A (ext.)
20631	787	12_20_unf_3b_int	1/2-20 UNF-3B (int.)
20632	787	12_24_uns_2a_ext	1/2-24 UNS-2A (ext.)
20633	787	12_24_uns_2b_int	1/2-24 UNS-2B (int.)
20634	787	12_27_uns_2a_ext	1/2-27 UNS-2A (ext.)
20635	787	12_27_uns_2b_int	1/2-27 UNS-2B (int.)
20636	787	12_28_unef_2a_ext	1/2-28 UNEF-2A (ext.)
20637	787	12_28_unef_2b_int	1/2-28 UNEF-2B (int.)
20638	787	12_28_unef_3a_ext	1/2-28 UNEF-3A (ext.)
20639	787	12_28_unef_3b_int	1/2-28 UNEF-3B (int.)
20640	787	12_32_un_2a_ext	1/2-32 UN-2A (ext.)
20641	787	12_32_un_2b_int	1/2-32 UN-2B (int.)
20642	787	12_32_un_3a_ext	1/2-32 UN-3A (ext.)
20643	787	12_32_un_3b_int	1/2-32 UN-3B (int.)
20644	787	916_12_unc_2a_ext	9/16-12 UNC-2A (ext.)
20645	787	916_12_unc_2b_int	9/16-12 UNC-2B (int.)
20646	787	916_12_unc_3a_ext	9/16-12 UNC-3A (ext.)
20647	787	916_12_unc_3b_int	9/16-12 UNC-3B (int.)
20648	787	916_14_uns_2a_ext	9/16-14 UNS-2A (ext.)
20649	787	916_14_uns_2b_int	9/16-14 UNS-2B (int.)
20650	787	916_16_un_2a_ext	9/16-16 UN-2A (ext.)
20651	787	916_16_un_2b_int	9/16-16 UN-2B (int.)
20652	787	916_16_un_3a_ext	9/16-16 UN-3A (ext.)
20653	787	916_16_un_3b_int	9/16-16 UN-3B (int.)
20654	787	916_18_unf_2a_ext	9/16-18 UNF-2A (ext.)
20655	787	916_18_unf_2b_int	9/16-18 UNF-2B (int.)
20656	787	916_18_unf_3a_ext	9/16-18 UNF-3A (ext.)
20657	787	916_18_unf_3b_int	9/16-18 UNF-3B (int.)
20658	787	916_20_un_2a_ext	9/16-20 UN-2A (ext.)
20659	787	916_20_un_2b_int	9/16-20 UN-2B (int.)
20660	787	916_20_un_3a_ext	9/16-20 UN-3A (ext.)
20661	787	916_20_un_3b_int	9/16-20 UN-3B (int.)
20662	787	916_24_unef_2a_ext	9/16-24 UNEF-2A (ext.)
20663	787	916_24_unef_2b_int	9/16-24 UNEF-2B (int.)
20664	787	916_24_unef_3a_ext	9/16-24 UNEF-3A (ext.)
20665	787	916_24_unef_3b_int	9/16-24 UNEF-3B (int.)
20666	787	916_27_uns_2a_ext	9/16-27 UNS-2A (ext.)
20667	787	916_27_uns_2b_int	9/16-27 UNS-2B (int.)
20668	787	916_28_un_2a_ext	9/16-28 UN-2A (ext.)
20669	787	916_28_un_2b_int	9/16-28 UN-2B (int.)
20670	787	916_28_un_3a_ext	9/16-28 UN-3A (ext.)
20671	787	916_28_un_3b_int	9/16-28 UN-3B (int.)
20672	787	916_32_un_2a_ext	9/16-32 UN-2A (ext.)
20673	787	916_32_un_2b_int	9/16-32 UN-2B (int.)
20674	787	916_32_un_3a_ext	9/16-32 UN-3A (ext.)
20675	787	916_32_un_3b_int	9/16-32 UN-3B (int.)
20676	787	58_11_unc_2a_ext	5/8-11 UNC-2A (ext.)
20677	787	58_11_unc_2b_int	5/8-11 UNC-2B (int.)
20678	787	58_11_unc_3a_ext	5/8-11 UNC-3A (ext.)
20679	787	58_11_unc_3b_int	5/8-11 UNC-3B (int.)
20680	787	58_12_un_2a_ext	5/8-12 UN-2A (ext.)
20681	787	58_12_un_2b_int	5/8-12 UN-2B (int.)
20682	787	58_12_un_3a_ext	5/8-12 UN-3A (ext.)
20683	787	58_12_un_3b_int	5/8-12 UN-3B (int.)
20684	787	58_14_uns_2a_ext	5/8-14 UNS-2A (ext.)
20685	787	58_14_uns_2b_int	5/8-14 UNS-2B (int.)
20686	787	58_16_un_2a_ext	5/8-16 UN-2A (ext.)
20687	787	58_16_un_2b_int	5/8-16 UN-2B (int.)
20688	787	58_16_un_3a_ext	5/8-16 UN-3A (ext.)
20689	787	58_16_un_3b_int	5/8-16 UN-3B (int.)
20690	787	58_18_unf_2a_ext	5/8-18 UNF-2A (ext.)
20691	787	58_18_unf_2b_int	5/8-18 UNF-2B (int.)
20692	787	58_18_unf_3a_ext	5/8-18 UNF-3A (ext.)
20693	787	58_18_unf_3b_int	5/8-18 UNF-3B (int.)
20694	787	58_20_un_2a_ext	5/8-20 UN-2A (ext.)
20695	787	58_20_un_2b_int	5/8-20 UN-2B (int.)
20696	787	58_20_un_3a_ext	5/8-20 UN-3A (ext.)
20697	787	58_20_un_3b_int	5/8-20 UN-3B (int.)
20698	787	58_24_unef_2a_ext	5/8-24 UNEF-2A (ext.)
20699	787	58_24_unef_2b_int	5/8-24 UNEF-2B (int.)
20700	787	58_24_unef_3a_ext	5/8-24 UNEF-3A (ext.)
20701	787	58_24_unef_3b_int	5/8-24 UNEF-3B (int.)
20702	787	58_27_uns_2a_ext	5/8-27 UNS-2A (ext.)
20703	787	58_27_uns_2b_int	5/8-27 UNS-2B (int.)
20704	787	58_28_un_2a_ext	5/8-28 UN-2A (ext.)
20705	787	58_28_un_2b_int	5/8-28 UN-2B (int.)
20706	787	58_28_un_3a_ext	5/8-28 UN-3A (ext.)
20707	787	58_28_un_3b_int	5/8-28 UN-3B (int.)
20708	787	58_32_un_2a_ext	5/8-32 UN-2A (ext.)
20709	787	58_32_un_2b_int	5/8-32 UN-2B (int.)
20710	787	58_32_un_3a_ext	5/8-32 UN-3A (ext.)
20711	787	58_32_un_3b_int	5/8-32 UN-3B (int.)
20712	787	1116_12_un_2a_ext	11/16-12 UN-2A (ext.)
20713	787	1116_12_un_2b_int	11/16-12 UN-2B (int.)
20714	787	1116_12_un_3a_ext	11/16-12 UN-3A (ext.)
20715	787	1116_12_un_3b_int	11/16-12 UN-3B (int.)
20716	787	1116_16_un_2a_ext	11/16-16 UN-2A (ext.)
20717	787	1116_16_un_2b_int	11/16-16 UN-2B (int.)
20718	787	1116_16_un_3a_ext	11/16-16 UN-3A (ext.)
20719	787	1116_16_un_3b_int	11/16-16 UN-3B (int.)
20720	787	1116_20_un_2a_ext	11/16-20 UN-2A (ext.)
20721	787	1116_20_un_2b_int	11/16-20 UN-2B (int.)
20722	787	1116_20_un_3a_ext	11/16-20 UN-3A (ext.)
20723	787	1116_20_un_3b_int	11/16-20 UN-3B (int.)
20724	787	1116_24_unef_2a_ext	11/16-24 UNEF-2A (ext.)
20725	787	1116_24_unef_2b_int	11/16-24 UNEF-2B (int.)
20726	787	1116_24_unef_3a_ext	11/16-24 UNEF-3A (ext.)
20727	787	1116_24_unef_3b_int	11/16-24 UNEF-3B (int.)
20728	787	1116_28_un_2a_ext	11/16-28 UN-2A (ext.)
20729	787	1116_28_un_2b_int	11/16-28 UN-2B (int.)
20730	787	1116_28_un_3a_ext	11/16-28 UN-3A (ext.)
20731	787	1116_28_un_3b_int	11/16-28 UN-3B (int.)
20732	787	1116_32_un_2a_ext	11/16-32 UN-2A (ext.)
20733	787	1116_32_un_2b_int	11/16-32 UN-2B (int.)
20734	787	1116_32_un_3a_ext	11/16-32 UN-3A (ext.)
20735	787	1116_32_un_3b_int	11/16-32 UN-3B (int.)
20736	787	34_10_unc_2a_ext	3/4-10 UNC-2A (ext.)
20737	787	34_10_unc_2b_int	3/4-10 UNC-2B (int.)
20738	787	34_10_unc_3a_ext	3/4-10 UNC-3A (ext.)
20739	787	34_10_unc_3b_int	3/4-10 UNC-3B (int.)
20740	787	34_12_un_2a_ext	3/4-12 UN-2A (ext.)
20741	787	34_12_un_2b_int	3/4-12 UN-2B (int.)
20742	787	34_12_un_3a_ext	3/4-12 UN-3A (ext.)
20743	787	34_12_un_3b_int	3/4-12 UN-3B (int.)
20744	787	34_14_uns_2a_ext	3/4-14 UNS-2A (ext.)
20745	787	34_14_uns_2b_int	3/4-14 UNS-2B (int.)
20746	787	34_16_unf_2a_ext	3/4-16 UNF-2A (ext.)
20747	787	34_16_unf_2b_int	3/4-16 UNF-2B (int.)
20748	787	34_16_unf_3a_ext	3/4-16 UNF-3A (ext.)
20749	787	34_16_unf_3b_int	3/4-16 UNF-3B (int.)
20750	787	34_18_uns_2a_ext	3/4-18 UNS-2A (ext.)
20751	787	34_18_uns_2b_int	3/4-18 UNS-2B (int.)
20752	787	34_20_unef_2a_ext	3/4-20 UNEF-2A (ext.)
20753	787	34_20_unef_2b_int	3/4-20 UNEF-2B (int.)
20754	787	34_20_unef_3a_ext	3/4-20 UNEF-3A (ext.)
20755	787	34_20_unef_3b_int	3/4-20 UNEF-3B (int.)
20756	787	34_24_uns_2a_ext	3/4-24 UNS-2A (ext.)
20757	787	34_24_uns_2b_int	3/4-24 UNS-2B (int.)
20758	787	34_27_uns_2a_ext	3/4-27 UNS-2A (ext.)
20759	787	34_27_uns_2b_int	3/4-27 UNS-2B (int.)
20760	787	34_28_un_2a_ext	3/4-28 UN-2A (ext.)
20761	787	34_28_un_2b_int	3/4-28 UN-2B (int.)
20762	787	34_28_un_3a_ext	3/4-28 UN-3A (ext.)
20763	787	34_28_un_3b_int	3/4-28 UN-3B (int.)
20764	787	34_32_un_2a_ext	3/4-32 UN-2A (ext.)
20765	787	34_32_un_2b_int	3/4-32 UN-2B (int.)
20766	787	34_32_un_3a_ext	3/4-32 UN-3A (ext.)
20767	787	34_32_un_3b_int	3/4-32 UN-3B (int.)
20768	787	1316_12_un_2a_ext	13/16-12 UN-2A (ext.)
20769	787	1316_12_un_2b_int	13/16-12 UN-2B (int.)
20770	787	1316_12_un_3a_ext	13/16-12 UN-3A (ext.)
20771	787	1316_12_un_3b_int	13/16-12 UN-3B (int.)
20772	787	1316_16_un_2a_ext	13/16-16 UN-2A (ext.)
20773	787	1316_16_un_2b_int	13/16-16 UN-2B (int.)
20774	787	1316_16_un_3a_ext	13/16-16 UN-3A (ext.)
20775	787	1316_16_un_3b_int	13/16-16 UN-3B (int.)
20776	787	1316_20_unef_2a_ext	13/16-20 UNEF-2A (ext.)
20777	787	1316_20_unef_2b_int	13/16-20 UNEF-2B (int.)
20778	787	1316_20_unef_3a_ext	13/16-20 UNEF-3A (ext.)
20779	787	1316_20_unef_3b_int	13/16-20 UNEF-3B (int.)
20780	787	1316_28_un_2a_ext	13/16-28 UN-2A (ext.)
20781	787	1316_28_un_2b_int	13/16-28 UN-2B (int.)
20782	787	1316_28_un_3a_ext	13/16-28 UN-3A (ext.)
20783	787	1316_28_un_3b_int	13/16-28 UN-3B (int.)
20784	787	1316_32_un_2a_ext	13/16-32 UN-2A (ext.)
20785	787	1316_32_un_2b_int	13/16-32 UN-2B (int.)
20786	787	1316_32_un_3a_ext	13/16-32 UN-3A (ext.)
20787	787	1316_32_un_3b_int	13/16-32 UN-3B (int.)
20788	787	78_10_uns_2a_ext	7/8-10 UNS-2A (ext.)
20789	787	78_10_uns_2b_int	7/8-10 UNS-2B (int.)
20790	787	78_12_un_2a_ext	7/8-12 UN-2A (ext.)
20791	787	78_12_un_2b_int	7/8-12 UN-2B (int.)
20792	787	78_12_un_3a_ext	7/8-12 UN-3A (ext.)
20793	787	78_12_un_3b_int	7/8-12 UN-3B (int.)
20794	787	78_14_unf_2a_ext	7/8-14 UNF-2A (ext.)
20795	787	78_14_unf_2b_int	7/8-14 UNF-2B (int.)
20796	787	78_14_unf_3a_ext	7/8-14 UNF-3A (ext.)
20797	787	78_14_unf_3b_int	7/8-14 UNF-3B (int.)
20798	787	78_16_un_2a_ext	7/8-16 UN-2A (ext.)
20799	787	78_16_un_2b_int	7/8-16 UN-2B (int.)
20800	787	78_16_un_3a_ext	7/8-16 UN-3A (ext.)
20801	787	78_16_un_3b_int	7/8-16 UN-3B (int.)
20802	787	78_18_uns_2a_ext	7/8-18 UNS-2A (ext.)
20803	787	78_18_uns_2b_int	7/8-18 UNS-2B (int.)
20804	787	78_20_unef_2a_ext	7/8-20 UNEF-2A (ext.)
20805	787	78_20_unef_2b_int	7/8-20 UNEF-2B (int.)
20806	787	78_20_unef_3a_ext	7/8-20 UNEF-3A (ext.)
20807	787	78_20_unef_3b_int	7/8-20 UNEF-3B (int.)
20808	787	78_24_uns_2a_ext	7/8-24 UNS-2A (ext.)
20809	787	78_24_uns_2b_int	7/8-24 UNS-2B (int.)
20810	787	78_27_uns_2a_ext	7/8-27 UNS-2A (ext.)
20811	787	78_27_uns_2b_int	7/8-27 UNS-2B (int.)
20812	787	78_28_un_2a_ext	7/8-28 UN-2A (ext.)
20813	787	78_28_un_2b_int	7/8-28 UN-2B (int.)
20814	787	78_28_un_3a_ext	7/8-28 UN-3A (ext.)
20815	787	78_28_un_3b_int	7/8-28 UN-3B (int.)
20816	787	78_32_un_2a_ext	7/8-32 UN-2A (ext.)
20817	787	78_32_un_2b_int	7/8-32 UN-2B (int.)
20818	787	78_32_un_3a_ext	7/8-32 UN-3A (ext.)
20819	787	78_32_un_3b_int	7/8-32 UN-3B (int.)
20820	787	78_9_unc_2a_ext	7/8-9 UNC-2A (ext.)
20821	787	78_9_unc_2b_int	7/8-9 UNC-2B (int.)
20822	787	78_9_unc_3a_ext	7/8-9 UNC-3A (ext.)
20823	787	78_9_unc_3b_int	7/8-9 UNC-3B (int.)
20824	787	1516_12_un_2a_ext	15/16-12 UN-2A (ext.)
20825	787	1516_12_un_2b_int	15/16-12 UN-2B (int.)
20826	787	1516_12_un_3a_ext	15/16-12 UN-3A (ext.)
20827	787	1516_12_un_3b_int	15/16-12 UN-3B (int.)
20828	787	1516_16_un_2a_ext	15/16-16 UN-2A (ext.)
20829	787	1516_16_un_2b_int	15/16-16 UN-2B (int.)
20830	787	1516_16_un_3a_ext	15/16-16 UN-3A (ext.)
20831	787	1516_16_un_3b_int	15/16-16 UN-3B (int.)
20832	787	1516_20_unef_2a_ext	15/16-20 UNEF-2A (ext.)
20833	787	1516_20_unef_2b_int	15/16-20 UNEF-2B (int.)
20834	787	1516_20_unef_3a_ext	15/16-20 UNEF-3A (ext.)
20835	787	1516_20_unef_3b_int	15/16-20 UNEF-3B (int.)
20836	787	1516_28_un_2a_ext	15/16-28 UN-2A (ext.)
20837	787	1516_28_un_2b_int	15/16-28 UN-2B (int.)
20838	787	1516_28_un_3a_ext	15/16-28 UN-3A (ext.)
20839	787	1516_28_un_3b_int	15/16-28 UN-3B (int.)
20840	787	1516_32_un_2a_ext	15/16-32 UN-2A (ext.)
20841	787	1516_32_un_2b_int	15/16-32 UN-2B (int.)
20842	787	1516_32_un_3a_ext	15/16-32 UN-3A (ext.)
20843	787	1516_32_un_3b_int	15/16-32 UN-3B (int.)
20844	787	1_8_unc_2a_ext	1-8 UNC-2A (ext.)
20845	787	1_8_unc_2b_int	1-8 UNC-2B (int.)
20846	787	1_8_unc_3a_ext	1-8 UNC-3A (ext.)
20847	787	1_8_unc_3b_int	1-8 UNC-3B (int.)
20848	787	1_10_uns_2a_ext	1-10 UNS-2A (ext.)
20849	787	1_10_uns_2b_int	1-10 UNS-2B (int.)
20850	787	1_12_unf_2a_ext	1-12 UNF-2A (ext.)
20851	787	1_12_unf_2b_int	1-12 UNF-2B (int.)
20852	787	1_12_unf_3a_ext	1-12 UNF-3A (ext.)
20853	787	1_12_unf_3b_int	1-12 UNF-3B (int.)
20854	787	1_14_uns_2a_ext	1-14 UNS-2A (ext.)
20855	787	1_14_uns_2b_int	1-14 UNS-2B (int.)
20856	787	1_16_un_2a_ext	1-16 UN-2A (ext.)
20857	787	1_16_un_2b_int	1-16 UN-2B (int.)
20858	787	1_16_un_3a_ext	1-16 UN-3A (ext.)
20859	787	1_16_un_3b_int	1-16 UN-3B (int.)
20860	787	1_18_uns_2a_ext	1-18 UNS-2A (ext.)
20861	787	1_18_uns_2b_int	1-18 UNS-2B (int.)
20862	787	1_20_unef_2a_ext	1-20 UNEF-2A (ext.)
20863	787	1_20_unef_2b_int	1-20 UNEF-2B (int.)
20864	787	1_20_unef_3a_ext	1-20 UNEF-3A (ext.)
20865	787	1_20_unef_3b_int	1-20 UNEF-3B (int.)
20866	787	1_24_uns_2a_ext	1-24 UNS-2A (ext.)
20867	787	1_24_uns_2b_int	1-24 UNS-2B (int.)
20868	787	1_27_uns_2a_ext	1-27 UNS-2A (ext.)
20869	787	1_27_uns_2b_int	1-27 UNS-2B (int.)
20870	787	1_28_un_2a_ext	1-28 UN-2A (ext.)
20871	787	1_28_un_2b_int	1-28 UN-2B (int.)
20872	787	1_28_un_3a_ext	1-28 UN-3A (ext.)
20873	787	1_28_un_3b_int	1-28 UN-3B (int.)
20874	787	1_32_un_2a_ext	1-32 UN-2A (ext.)
20875	787	1_32_un_2b_int	1-32 UN-2B (int.)
20876	787	1_32_un_3a_ext	1-32 UN-3A (ext.)
20877	787	1_32_un_3b_int	1-32 UN-3B (int.)
20878	787	m3x035_6g_ext	M3x0.35-6g (ext.)
20879	787	m3x035_6h_int	M3x0.35-6H (int.)
20880	787	m3x05_6g_ext	M3x0.5-6g (ext.)
20881	787	m3x05_6h_int	M3x0.5-6H (int.)
20882	787	m35x035_6g_ext	M3.5x0.35-6g (ext.)
20883	787	m35x035_6h_int	M3.5x0.35-6H (int.)
20884	787	m35x06_6g_ext	M3.5x0.6-6g (ext.)
20885	787	m35x06_6h_int	M3.5x0.6-6H (int.)
20886	787	m4x05_6g_ext	M4x0.5-6g (ext.)
20887	787	m4x05_6h_int	M4x0.5-6H (int.)
20888	787	m4x07_6g_ext	M4x0.7-6g (ext.)
20889	787	m4x07_6h_int	M4x0.7-6H (int.)
20890	787	m45x05_6g_ext	M4.5x0.5-6g (ext.)
20891	787	m45x05_6h_int	M4.5x0.5-6H (int.)
20892	787	m45x075_6g_ext	M4.5x0.75-6g (ext.)
20893	787	m45x075_6h_int	M4.5x0.75-6H (int.)
20894	787	m5x05_6g_ext	M5x0.5-6g (ext.)
20895	787	m5x05_6h_int	M5x0.5-6H (int.)
20896	787	m5x08_6g_ext	M5x0.8-6g (ext.)
20897	787	m5x08_6h_int	M5x0.8-6H (int.)
20898	787	m55x05_6g_ext	M5.5x0.5-6g (ext.)
20899	787	m55x05_6h_int	M5.5x0.5-6H (int.)
20900	787	m6x05_6g_ext	M6x0.5-6g (ext.)
20901	787	m6x05_6h_int	M6x0.5-6H (int.)
20902	787	m6x07_6g_ext	M6x0.7-6g (ext.)
20903	787	m6x07_6h_int	M6x0.7-6H (int.)
20904	787	m6x075_6g_ext	M6x0.75-6g (ext.)
20905	787	m6x075_6h_int	M6x0.75-6H (int.)
20906	787	m6x08_6g_ext	M6x0.8-6g (ext.)
20907	787	m6x08_6h_int	M6x0.8-6H (int.)
20908	787	m6x1_6g_ext	M6x1-6g (ext.)
20909	787	m6x1_6h_int	M6x1-6H (int.)
20910	787	m7x05_6g_ext	M7x0.5-6g (ext.)
20911	787	m7x05_6h_int	M7x0.5-6H (int.)
20912	787	m7x075_6g_ext	M7x0.75-6g (ext.)
20913	787	m7x075_6h_int	M7x0.75-6H (int.)
20914	787	m7x1_6g_ext	M7x1-6g (ext.)
20915	787	m7x1_6h_int	M7x1-6H (int.)
20916	787	m8x05_6g_ext	M8x0.5-6g (ext.)
20917	787	m8x05_6h_int	M8x0.5-6H (int.)
20918	787	m8x075_6g_ext	M8x0.75-6g (ext.)
20919	787	m8x075_6h_int	M8x0.75-6H (int.)
20920	787	m8x08_6g_ext	M8x0.8-6g (ext.)
20921	787	m8x08_6h_int	M8x0.8-6H (int.)
20922	787	m8x1_6g_ext	M8x1-6g (ext.)
20923	787	m8x1_6h_int	M8x1-6H (int.)
20924	787	m8x125_6g_ext	M8x1.25-6g (ext.)
20925	787	m8x125_6h_int	M8x1.25-6H (int.)
20926	787	m9x05_6g_ext	M9x0.5-6g (ext.)
20927	787	m9x05_6h_int	M9x0.5-6H (int.)
20928	787	m9x075_6g_ext	M9x0.75-6g (ext.)
20929	787	m9x075_6h_int	M9x0.75-6H (int.)
20930	787	m9x1_6g_ext	M9x1-6g (ext.)
20931	787	m9x1_6h_int	M9x1-6H (int.)
20932	787	m9x125_6g_ext	M9x1.25-6g (ext.)
20933	787	m9x125_6h_int	M9x1.25-6H (int.)
20934	787	m10x05_6g_ext	M10x0.5-6g (ext.)
20935	787	m10x05_6h_int	M10x0.5-6H (int.)
20936	787	m10x075_6g_ext	M10x0.75-6g (ext.)
20937	787	m10x075_6h_int	M10x0.75-6H (int.)
20938	787	m10x1_6g_ext	M10x1-6g (ext.)
20939	787	m10x1_6h_int	M10x1-6H (int.)
20940	787	m10x112_6g_ext	M10x1.12-6g (ext.)
20941	787	m10x112_6h_int	M10x1.12-6H (int.)
20942	787	m10x125_6g_ext	M10x1.25-6g (ext.)
20943	787	m10x125_6h_int	M10x1.25-6H (int.)
20944	787	m10x15_6g_ext	M10x1.5-6g (ext.)
20945	787	m10x15_6h_int	M10x1.5-6H (int.)
20946	787	m11x05_6g_ext	M11x0.5-6g (ext.)
20947	787	m11x05_6h_int	M11x0.5-6H (int.)
20948	787	m11x075_6g_ext	M11x0.75-6g (ext.)
20949	787	m11x075_6h_int	M11x0.75-6H (int.)
20950	787	m11x1_6g_ext	M11x1-6g (ext.)
20951	787	m11x1_6h_int	M11x1-6H (int.)
20952	787	m11x15_6g_ext	M11x1.5-6g (ext.)
20953	787	m11x15_6h_int	M11x1.5-6H (int.)
20954	787	m12x05_6g_ext	M12x0.5-6g (ext.)
20955	787	m12x05_6h_int	M12x0.5-6H (int.)
20956	787	m12x075_6g_ext	M12x0.75-6g (ext.)
20957	787	m12x075_6h_int	M12x0.75-6H (int.)
20958	787	m12x1_6g_ext	M12x1-6g (ext.)
20959	787	m12x1_6h_int	M12x1-6H (int.)
20960	787	m12x125_6g_ext	M12x1.25-6g (ext.)
20961	787	m12x125_6h_int	M12x1.25-6H (int.)
20962	787	m12x15_6g_ext	M12x1.5-6g (ext.)
20963	787	m12x15_6h_int	M12x1.5-6H (int.)
20964	787	m12x175_6g_ext	M12x1.75-6g (ext.)
20965	787	m12x175_6h_int	M12x1.75-6H (int.)
20966	787	m14x05_6g_ext	M14x0.5-6g (ext.)
20967	787	m14x05_6h_int	M14x0.5-6H (int.)
20968	787	m14x075_6g_ext	M14x0.75-6g (ext.)
20969	787	m14x075_6h_int	M14x0.75-6H (int.)
20970	787	m14x1_6g_ext	M14x1-6g (ext.)
20971	787	m14x1_6h_int	M14x1-6H (int.)
20972	787	m14x125_6g_ext	M14x1.25-6g (ext.)
20973	787	m14x125_6h_int	M14x1.25-6H (int.)
20974	787	m14x15_6g_ext	M14x1.5-6g (ext.)
20975	787	m14x15_6h_int	M14x1.5-6H (int.)
20976	787	m14x2_6g_ext	M14x2-6g (ext.)
20977	787	m14x2_6h_int	M14x2-6H (int.)
20978	787	m15x1_6g_ext	M15x1-6g (ext.)
20979	787	m15x1_6h_int	M15x1-6H (int.)
20980	787	m15x15_6g_ext	M15x1.5-6g (ext.)
20981	787	m15x15_6h_int	M15x1.5-6H (int.)
20982	787	m16x05_6g_ext	M16x0.5-6g (ext.)
20983	787	m16x05_6h_int	M16x0.5-6H (int.)
20984	787	m16x075_6g_ext	M16x0.75-6g (ext.)
20985	787	m16x075_6h_int	M16x0.75-6H (int.)
20986	787	m16x1_6g_ext	M16x1-6g (ext.)
20987	787	m16x1_6h_int	M16x1-6H (int.)
20988	787	m16x125_6g_ext	M16x1.25-6g (ext.)
20989	787	m16x125_6h_int	M16x1.25-6H (int.)
20990	787	m16x15_6g_ext	M16x1.5-6g (ext.)
20991	787	m16x15_6h_int	M16x1.5-6H (int.)
20992	787	m16x16_6g_ext	M16x1.6-6g (ext.)
20993	787	m16x16_6h_int	M16x1.6-6H (int.)
20994	787	m16x2_6g_ext	M16x2-6g (ext.)
20995	787	m16x2_6h_int	M16x2-6H (int.)
20996	787	m17x1_6g_ext	M17x1-6g (ext.)
20997	787	m17x1_6h_int	M17x1-6H (int.)
20998	787	m17x15_6g_ext	M17x1.5-6g (ext.)
20999	787	m17x15_6h_int	M17x1.5-6H (int.)
21000	787	m18x05_6g_ext	M18x0.5-6g (ext.)
21001	787	m18x05_6h_int	M18x0.5-6H (int.)
21002	787	m18x075_6g_ext	M18x0.75-6g (ext.)
21003	787	m18x075_6h_int	M18x0.75-6H (int.)
21004	787	m18x1_6g_ext	M18x1-6g (ext.)
21005	787	m18x1_6h_int	M18x1-6H (int.)
21006	787	m18x125_6g_ext	M18x1.25-6g (ext.)
21007	787	m18x125_6h_int	M18x1.25-6H (int.)
21008	787	m18x15_6g_ext	M18x1.5-6g (ext.)
21009	787	m18x15_6h_int	M18x1.5-6H (int.)
21010	787	m18x2_6g_ext	M18x2-6g (ext.)
21011	787	m18x2_6h_int	M18x2-6H (int.)
21012	787	m18x25_6g_ext	M18x2.5-6g (ext.)
21013	787	m18x25_6h_int	M18x2.5-6H (int.)
21014	787	m20x05_6g_ext	M20x0.5-6g (ext.)
21015	787	m20x05_6h_int	M20x0.5-6H (int.)
21016	787	m20x075_6g_ext	M20x0.75-6g (ext.)
21017	787	m20x075_6h_int	M20x0.75-6H (int.)
21018	787	m20x1_6g_ext	M20x1-6g (ext.)
21019	787	m20x1_6h_int	M20x1-6H (int.)
21020	787	m20x15_6g_ext	M20x1.5-6g (ext.)
21021	787	m20x15_6h_int	M20x1.5-6H (int.)
21022	787	m20x2_6g_ext	M20x2-6g (ext.)
21023	787	m20x2_6h_int	M20x2-6H (int.)
21024	787	m20x25_6g_ext	M20x2.5-6g (ext.)
21025	787	m20x25_6h_int	M20x2.5-6H (int.)
21026	787	m22x05_6g_ext	M22x0.5-6g (ext.)
21027	787	m22x05_6h_int	M22x0.5-6H (int.)
21028	787	m22x075_6g_ext	M22x0.75-6g (ext.)
21029	787	m22x075_6h_int	M22x0.75-6H (int.)
21030	787	m22x1_6g_ext	M22x1-6g (ext.)
21031	787	m22x1_6h_int	M22x1-6H (int.)
21032	787	m22x15_6g_ext	M22x1.5-6g (ext.)
21033	787	m22x15_6h_int	M22x1.5-6H (int.)
21034	787	m22x2_6g_ext	M22x2-6g (ext.)
21035	787	m22x2_6h_int	M22x2-6H (int.)
21036	787	m22x25_6g_ext	M22x2.5-6g (ext.)
21037	787	m22x25_6h_int	M22x2.5-6H (int.)
21038	787	m22x3_6g_ext	M22x3-6g (ext.)
21039	787	m22x3_6h_int	M22x3-6H (int.)
21040	787	m24x075_6g_ext	M24x0.75-6g (ext.)
21041	787	m24x075_6h_int	M24x0.75-6H (int.)
21042	787	m24x1_6g_ext	M24x1-6g (ext.)
21043	787	m24x1_6h_int	M24x1-6H (int.)
21044	787	m24x15_6g_ext	M24x1.5-6g (ext.)
21045	787	m24x15_6h_int	M24x1.5-6H (int.)
21046	787	m24x2_6g_ext	M24x2-6g (ext.)
21047	787	m24x2_6h_int	M24x2-6H (int.)
21048	787	m24x25_6g_ext	M24x2.5-6g (ext.)
21049	787	m24x25_6h_int	M24x2.5-6H (int.)
21050	787	m24x3_6g_ext	M24x3-6g (ext.)
21051	787	m24x3_6h_int	M24x3-6H (int.)
21052	787	116_27_npt	1/16-27 NPT
21053	787	18_27_npt	1/8-27 NPT
21054	787	14_18_npt	1/4-18 NPT
21055	787	3_8_npt	3-8 NPT
21056	787	38_18_npt	3/8-18 NPT
21057	787	12_14_npt	1/2-14 NPT
21058	787	34_14_npt	3/4-14 NPT
21059	787	1_115_npt	1-11.5 NPT
21060	787	1_14_115_npt	1 1/4-11.5 NPT
21061	787	1_12_115_npt	1 1/2-11.5 NPT
21062	787	2_115_npt	2-11.5 NPT
21063	787	2_12_8_npt	2 1/2-8 NPT
21064	787	none	None
21065	788	_999	-99
21066	788	i	I
21067	788	ii	II
21068	788	iii	III
21069	788	iv	IV
21070	788	other	OTHER
21071	789	_999	-99
21072	789	1000_al	1000 AL
21073	789	c11000	C11000
21074	789	carbon_stl_nbr_70	CARBON STL / NBR 70
21075	789	copper	COPPER
21076	789	spring_steel	SPRING STEEL
21077	789	301_ss	301 SS
21078	789	304_ss	304 SS
21079	789	sst	SST
21080	789	steel	STEEL
21081	789	other	OTHER
21082	790	_999	-99
21083	790	belleville	BELLEVILLE
21084	790	copper_sealing	COPPER SEALING
21085	790	flat	FLAT
21086	790	lock	LOCK
21087	790	rubber_sealing	RUBBER SEALING
21088	790	spring	SPRING
21089	790	star	STAR
21090	790	wear	WEAR
21091	790	other	OTHER
21092	790	split_lock	SPLIT LOCK
21093	790	internal_tooth_lock	INTERNAL TOOTH LOCK
